{
  "cosine_similarities_by_layer": {
    "base": {
      "0": 0.5217020511627197,
      "1": 0.45701488852500916,
      "2": 0.42354848980903625,
      "3": 0.38250356912612915,
      "4": 0.3668537735939026,
      "5": 0.37543752789497375,
      "6": 0.37409335374832153,
      "7": 0.3316595256328583,
      "8": 0.31344133615493774,
      "9": 0.3092847764492035,
      "10": 0.27765339612960815,
      "11": 0.29288554191589355,
      "12": 0.3056027889251709,
      "13": 0.3157182037830353,
      "14": 0.28794965147972107,
      "15": 0.3266212046146393
    },
    "instruct": {
      "0": 0.39647310972213745,
      "1": 0.3843258023262024,
      "2": 0.37416088581085205,
      "3": 0.3811413645744324,
      "4": 0.37536293268203735,
      "5": 0.3324965834617615,
      "6": 0.34621530771255493,
      "7": 0.3574618697166443,
      "8": 0.3605988621711731,
      "9": 0.3497311770915985,
      "10": 0.3488796651363373,
      "11": 0.3529341220855713,
      "12": 0.3653864562511444,
      "13": 0.3665810227394104,
      "14": 0.3618847727775574,
      "15": 0.33750224113464355
    }
  },
  "mean_similarities": {
    "base": 0.3538731299340725,
    "instruct": 0.36194601096212864
  },
  "bootstrap_ci": {
    "base": {
      "mean": 0.3538731299340725,
      "ci_lo": 0.3240568282082677,
      "ci_hi": 0.38769058994948863
    },
    "instruct": {
      "mean": 0.36194601096212864,
      "ci_lo": 0.3537933362647891,
      "ci_hi": 0.37032231646589936
    }
  },
  "checkpoints": {
    "base": "allenai/OLMo-2-0425-1B",
    "instruct": "allenai/OLMo-2-0425-1B-Instruct"
  },
  "metadata": {
    "model": "allenai/OLMo-2-0425-1B",
    "device": "mps",
    "num_layers": 16,
    "hidden_size": 2048,
    "num_params_M": 1485,
    "platform": "macOS-26.3-arm64-arm-64bit-Mach-O",
    "torch_version": "2.10.0",
    "checkpoints_used": {
      "base": "allenai/OLMo-2-0425-1B",
      "instruct": "allenai/OLMo-2-0425-1B-Instruct"
    },
    "timestamp": "2026-03-23T08:22:26.101357+00:00",
    "runtime_s": 141.0
  }
}