{
  "cosine_by_level_and_layer": {
    "1": {
      "0": 0.41465994715690613,
      "1": 0.46385034918785095,
      "2": 0.5159800052642822,
      "3": 0.5301294922828674,
      "4": 0.5364300012588501,
      "5": 0.5504899621009827,
      "6": 0.5518895983695984,
      "7": 0.549954891204834,
      "8": 0.5538074374198914,
      "9": 0.5753284692764282,
      "10": 0.5961542129516602,
      "11": 0.5966365337371826,
      "12": 0.6387006640434265,
      "13": 0.6462206244468689,
      "14": 0.660182774066925,
      "15": 0.6767003536224365,
      "16": 0.6941486597061157,
      "17": 0.7092912197113037,
      "18": 0.7131492495536804,
      "19": 0.696728527545929,
      "20": 0.6862154006958008,
      "21": 0.6751922369003296,
      "22": 0.6844005584716797,
      "23": 0.6773474812507629,
      "24": 0.6674724817276001,
      "25": 0.6588706374168396,
      "26": 0.638775110244751,
      "27": 0.6237261891365051,
      "28": 0.6118389964103699,
      "29": 0.6035074591636658,
      "30": 0.5938093066215515,
      "31": 0.5877419710159302,
      "32": 0.5812809467315674,
      "33": 0.5760841369628906,
      "34": 0.5714938044548035,
      "35": 0.5643189549446106,
      "36": 0.5636689066886902,
      "37": 0.5631460547447205,
      "38": 0.5626709461212158,
      "39": 0.5619298219680786,
      "40": 0.5577990412712097,
      "41": 0.5598376393318176,
      "42": 0.5688577890396118,
      "43": 0.5683718919754028,
      "44": 0.5704472661018372,
      "45": 0.571157693862915,
      "46": 0.5701477527618408,
      "47": 0.5735176205635071,
      "48": 0.5728766918182373,
      "49": 0.5702847242355347,
      "50": 0.5684581995010376,
      "51": 0.5714203715324402,
      "52": 0.5866115689277649,
      "53": 0.5884883999824524,
      "54": 0.5917003750801086,
      "55": 0.6102576851844788,
      "56": 0.6126192212104797,
      "57": 0.6199750900268555,
      "58": 0.6222598552703857,
      "59": 0.6289862394332886,
      "60": 0.6325626969337463,
      "61": 0.6394953727722168,
      "62": 0.6660733222961426,
      "63": 0.659936785697937
    },
    "2": {
      "0": 0.33162951469421387,
      "1": 0.3442757725715637,
      "2": 0.39927417039871216,
      "3": 0.41845452785491943,
      "4": 0.40364953875541687,
      "5": 0.39713048934936523,
      "6": 0.37772300839424133,
      "7": 0.36668330430984497,
      "8": 0.3933226764202118,
      "9": 0.40027329325675964,
      "10": 0.4148980677127838,
      "11": 0.4201715588569641,
      "12": 0.4469725489616394,
      "13": 0.4587807059288025,
      "14": 0.46919143199920654,
      "15": 0.47682878375053406,
      "16": 0.4869585633277893,
      "17": 0.4986242353916168,
      "18": 0.4976058602333069,
      "19": 0.4722277820110321,
      "20": 0.47748619318008423,
      "21": 0.4674888849258423,
      "22": 0.4659629762172699,
      "23": 0.44804006814956665,
      "24": 0.44248923659324646,
      "25": 0.4305959939956665,
      "26": 0.41754263639450073,
      "27": 0.40680786967277527,
      "28": 0.39594942331314087,
      "29": 0.39762625098228455,
      "30": 0.40097665786743164,
      "31": 0.39981332421302795,
      "32": 0.39909711480140686,
      "33": 0.3884248733520508,
      "34": 0.3907974362373352,
      "35": 0.3846874237060547,
      "36": 0.3845607340335846,
      "37": 0.38503655791282654,
      "38": 0.390104204416275,
      "39": 0.388242244720459,
      "40": 0.39091894030570984,
      "41": 0.3976440727710724,
      "42": 0.41095584630966187,
      "43": 0.4142647683620453,
      "44": 0.4206962585449219,
      "45": 0.42395511269569397,
      "46": 0.42613232135772705,
      "47": 0.43130865693092346,
      "48": 0.4263416528701782,
      "49": 0.43245625495910645,
      "50": 0.4321191608905792,
      "51": 0.43354886770248413,
      "52": 0.45562320947647095,
      "53": 0.4611610472202301,
      "54": 0.46634775400161743,
      "55": 0.4908742904663086,
      "56": 0.4985443651676178,
      "57": 0.5091081857681274,
      "58": 0.5142782330513,
      "59": 0.5081894397735596,
      "60": 0.4997633099555969,
      "61": 0.4981292188167572,
      "62": 0.5203805565834045,
      "63": 0.5264174938201904
    },
    "3": {
      "0": 0.22612421214580536,
      "1": 0.25726497173309326,
      "2": 0.3035028576850891,
      "3": 0.34056395292282104,
      "4": 0.3223574459552765,
      "5": 0.321219265460968,
      "6": 0.30403122305870056,
      "7": 0.3072735667228699,
      "8": 0.31609514355659485,
      "9": 0.3331012725830078,
      "10": 0.33382734656333923,
      "11": 0.32691293954849243,
      "12": 0.3581857979297638,
      "13": 0.3810123801231384,
      "14": 0.4006239175796509,
      "15": 0.4014759063720703,
      "16": 0.40934616327285767,
      "17": 0.42318451404571533,
      "18": 0.42891329526901245,
      "19": 0.40686652064323425,
      "20": 0.4285103678703308,
      "21": 0.4157090485095978,
      "22": 0.40964797139167786,
      "23": 0.39970704913139343,
      "24": 0.3911780118942261,
      "25": 0.38185834884643555,
      "26": 0.37102651596069336,
      "27": 0.3576394021511078,
      "28": 0.35458850860595703,
      "29": 0.3583737909793854,
      "30": 0.3573518693447113,
      "31": 0.35652002692222595,
      "32": 0.35697922110557556,
      "33": 0.35356804728507996,
      "34": 0.3540368676185608,
      "35": 0.3494243025779724,
      "36": 0.3488057255744934,
      "37": 0.3510567545890808,
      "38": 0.35499143600463867,
      "39": 0.35496339201927185,
      "40": 0.36197996139526367,
      "41": 0.3678913116455078,
      "42": 0.37884435057640076,
      "43": 0.38156408071517944,
      "44": 0.38370949029922485,
      "45": 0.3953220248222351,
      "46": 0.3964407742023468,
      "47": 0.402679979801178,
      "48": 0.39895951747894287,
      "49": 0.4044680893421173,
      "50": 0.4029262661933899,
      "51": 0.40409740805625916,
      "52": 0.42726388573646545,
      "53": 0.43186628818511963,
      "54": 0.4358879327774048,
      "55": 0.45425063371658325,
      "56": 0.45969998836517334,
      "57": 0.46513909101486206,
      "58": 0.4641347825527191,
      "59": 0.4497123658657074,
      "60": 0.4378504753112793,
      "61": 0.44006863236427307,
      "62": 0.4607527256011963,
      "63": 0.45624327659606934
    }
  },
  "mean_cosine_by_level": {
    "1": 0.6000948073342443,
    "2": 0.43321195244789124,
    "3": 0.38077457319013774
  },
  "trend_monotonic_decrease": true,
  "trend_diffs": [
    -0.16688285488635302,
    -0.05243737925775349
  ],
  "bootstrap_ci": {
    "1": {
      "mean": 0.6000948073342443,
      "ci_lo": 0.5861286040511914,
      "ci_hi": 0.6138651194400154
    },
    "2": {
      "mean": 0.43321195244789124,
      "ci_lo": 0.4219998487620614,
      "ci_hi": 0.44417176592396573
    },
    "3": {
      "mean": 0.38077457319013774,
      "ci_lo": 0.3683380945934914,
      "ci_hi": 0.392687736148946
    }
  },
  "metadata": {
    "model": "allenai/Olmo-3.1-32B-Instruct-DPO",
    "device": "cuda",
    "platform": "Linux-6.6.113+-x86_64-with-glibc2.35",
    "torch_version": "2.10.0+cu128",
    "num_layers": 64,
    "hidden_size": 5120,
    "num_params_M": 32234,
    "timestamp": "2026-03-26T14:37:21.230485+00:00",
    "runtime_s": 26.6
  }
}