{
  "baselines": {
    "mean": -0.2254852294921875,
    "individual": [
      0.5012283325195312,
      -0.7962980270385742,
      -0.9299993515014648,
      0.1952199935913086,
      1.9209709167480469,
      0.03287315368652344,
      0.0,
      0.0,
      -3.2488508224487305,
      0.07000350952148438
    ]
  },
  "interventions": {
    "0.5": {
      "0": 0.03388833999633789,
      "1": -0.0500676155090332,
      "2": -0.014223289489746094,
      "3": -0.0040913581848144535,
      "4": 0.005549144744873047,
      "5": 0.01071481704711914,
      "6": 0.029915809631347656,
      "7": 0.021648979187011717,
      "8": 0.010527324676513673,
      "9": -0.007807159423828125,
      "10": 0.015618133544921874,
      "11": 0.015412425994873047,
      "12": 0.004991340637207031,
      "13": 0.0046216011047363285,
      "14": 0.001099395751953125,
      "15": 0.005183887481689453
    },
    "1.0": {
      "0": 0.0641550064086914,
      "1": -0.12673530578613282,
      "2": -0.030106449127197267,
      "3": -0.014802837371826172,
      "4": 0.006885814666748047,
      "5": 0.026275157928466797,
      "6": 0.052748584747314455,
      "7": 0.039313125610351565,
      "8": 0.024901771545410158,
      "9": -0.011370182037353516,
      "10": 0.03406257629394531,
      "11": 0.029586410522460936,
      "12": 0.010326862335205078,
      "13": 0.009624385833740234,
      "14": 0.002383995056152344,
      "15": 0.010419559478759766
    },
    "2.0": {
      "0": 0.06381206512451172,
      "1": -0.10547609329223633,
      "2": -0.020018386840820312,
      "3": -0.007121753692626953,
      "4": 0.02861328125,
      "5": 0.06655521392822265,
      "6": 0.07617645263671875,
      "7": 0.07184677124023438,
      "8": 0.062399673461914065,
      "9": -0.007084274291992187,
      "10": 0.07787132263183594,
      "11": 0.05465240478515625,
      "12": 0.022144508361816407,
      "13": 0.0206268310546875,
      "14": 0.005471515655517578,
      "15": 0.0210174560546875
    },
    "4.0": {
      "0": 0.06707539558410644,
      "1": -0.16450872421264648,
      "2": 0.13335809707641602,
      "3": 0.12346029281616211,
      "4": 0.1864320755004883,
      "5": 0.1604074478149414,
      "6": 0.09705972671508789,
      "7": 0.121844482421875,
      "8": 0.16434144973754883,
      "9": 0.039720344543457034,
      "10": 0.19439477920532228,
      "11": 0.09837055206298828,
      "12": 0.05112314224243164,
      "13": 0.045572662353515626,
      "14": 0.013591480255126954,
      "15": 0.042709064483642575
    },
    "8.0": {
      "0": 0.017447662353515626,
      "1": 0.036643600463867186,
      "2": 0.32866497039794923,
      "3": 0.11655278205871582,
      "4": 0.23694782257080077,
      "5": 0.2090050220489502,
      "6": 0.27765703201293945,
      "7": 0.09461002349853516,
      "8": 0.38622570037841797,
      "9": 0.32139053344726565,
      "10": 0.4958199501037598,
      "11": 0.19395265579223633,
      "12": 0.13167381286621094,
      "13": 0.09800243377685547,
      "14": 0.03597755432128906,
      "15": 0.08773870468139648
    }
  },
  "n_stimuli": 10,
  "alphas": [
    0.5,
    1.0,
    2.0,
    4.0,
    8.0
  ],
  "metadata": {
    "model": "allenai/OLMo-2-0425-1B",
    "device": "mps",
    "num_layers": 16,
    "hidden_size": 2048,
    "num_params_M": 1485,
    "platform": "macOS-26.3-arm64-arm-64bit-Mach-O",
    "torch_version": "2.10.0",
    "timestamp": "2026-03-23T08:26:22.916570+00:00",
    "runtime_s": 192.8
  }
}