{
  "clinical_head_effects": {
    "L10H0": -0.04018058776855469,
    "L10H1": -0.02980194091796875,
    "L10H2": -0.03401679992675781,
    "L10H3": 0.027669715881347656,
    "L10H4": -0.024450302124023438,
    "L10H5": 0.038099479675292966,
    "L10H6": 0.06508598327636719,
    "L10H7": 0.056783294677734374,
    "L10H8": -0.04025077819824219,
    "L10H9": 0.042998313903808594,
    "L10H10": -0.04123897552490234,
    "L10H11": 0.007600212097167968,
    "L10H12": 0.0264495849609375,
    "L10H13": 0.026882362365722657,
    "L10H14": 0.0014783859252929688,
    "L10H15": -0.046068572998046876,
    "L11H0": 0.036400985717773435,
    "L11H1": -0.0060577392578125,
    "L11H2": -0.13354930877685547,
    "L11H3": -0.06174545288085938,
    "L11H4": 0.059045028686523435,
    "L11H5": -0.04310131072998047,
    "L11H6": 0.1273975372314453,
    "L11H7": -0.0157440185546875,
    "L11H8": 0.014803504943847657,
    "L11H9": -0.034750747680664065,
    "L11H10": -0.07990970611572265,
    "L11H11": 0.014432907104492188,
    "L11H12": -0.09353790283203126,
    "L11H13": -0.023147392272949218,
    "L11H14": 0.060891151428222656,
    "L11H15": -0.03264904022216797,
    "L12H0": 0.026392555236816405,
    "L12H1": 0.05126457214355469,
    "L12H2": -0.02146320343017578,
    "L12H3": -0.005982780456542968,
    "L12H4": -0.06791019439697266,
    "L12H5": -0.03206920623779297,
    "L12H6": 0.0389434814453125,
    "L12H7": 0.018593025207519532,
    "L12H8": 0.04712753295898438,
    "L12H9": 0.034563636779785155,
    "L12H10": -0.04935474395751953,
    "L12H11": -0.03129768371582031,
    "L12H12": 0.04714832305908203,
    "L12H13": -0.02645721435546875,
    "L12H14": 0.027086257934570312,
    "L12H15": 0.08849525451660156,
    "L13H0": -0.0024251937866210938,
    "L13H1": 0.010997962951660157,
    "L13H2": -0.007852745056152344,
    "L13H3": 0.06143379211425781,
    "L13H4": -0.009860992431640625,
    "L13H5": 0.2811246871948242,
    "L13H6": -0.011646270751953125,
    "L13H7": -0.0018367767333984375,
    "L13H8": 0.0013544082641601563,
    "L13H9": 0.0367706298828125,
    "L13H10": -0.03483238220214844,
    "L13H11": -0.023862075805664063,
    "L13H12": -0.048021125793457034,
    "L13H13": 0.0024690628051757812,
    "L13H14": -0.008163261413574218,
    "L13H15": -0.06275615692138672,
    "L14H0": 0.007417869567871094,
    "L14H1": 0.02618999481201172,
    "L14H2": 0.005168724060058594,
    "L14H3": 0.024902153015136718,
    "L14H4": -0.0034936904907226563,
    "L14H5": -0.05639705657958984,
    "L14H6": 0.02869243621826172,
    "L14H7": 0.03818645477294922,
    "L14H8": -0.09065380096435546,
    "L14H9": -0.005706214904785156,
    "L14H10": -0.014705657958984375,
    "L14H11": -0.025701332092285156,
    "L14H12": 0.060155296325683595,
    "L14H13": -0.02377910614013672,
    "L14H14": 0.08650932312011719,
    "L14H15": -0.041301918029785153,
    "L15H0": -0.11449508666992188,
    "L15H1": 0.025061607360839844,
    "L15H2": 0.0019573211669921876,
    "L15H3": 0.09524517059326172,
    "L15H4": 0.09881305694580078,
    "L15H5": -0.09325580596923828,
    "L15H6": 0.01797943115234375,
    "L15H7": -0.013164138793945313,
    "L15H8": 0.02441864013671875,
    "L15H9": -0.028233909606933595,
    "L15H10": -0.05554656982421875,
    "L15H11": -0.12012386322021484,
    "L15H12": 0.050008392333984374,
    "L15H13": -0.034531784057617185,
    "L15H14": 0.13911151885986328,
    "L15H15": -0.009577560424804687
  },
  "factual_head_effects": {
    "L10H0": -0.04071464538574219,
    "L10H1": 0.0532684326171875,
    "L10H2": 0.009894371032714844,
    "L10H3": 0.030449485778808592,
    "L10H4": 0.03738422393798828,
    "L10H5": 0.00894336700439453,
    "L10H6": 0.02063274383544922,
    "L10H7": 0.03639011383056641,
    "L10H8": -0.04926013946533203,
    "L10H9": 0.017914009094238282,
    "L10H10": -0.0016345977783203125,
    "L10H11": -0.01495952606201172,
    "L10H12": -0.010538482666015625,
    "L10H13": -0.011889839172363281,
    "L10H14": 0.013812828063964843,
    "L10H15": 0.010599517822265625,
    "L11H0": 0.026135635375976563,
    "L11H1": 0.03544120788574219,
    "L11H2": 0.008635330200195312,
    "L11H3": 0.011541366577148438,
    "L11H4": 0.009681320190429688,
    "L11H5": 0.016342926025390624,
    "L11H6": 0.06603927612304687,
    "L11H7": 0.012672042846679688,
    "L11H8": -0.09290904998779297,
    "L11H9": 0.03232879638671875,
    "L11H10": 0.033537101745605466,
    "L11H11": -0.009619903564453126,
    "L11H12": 0.018300247192382813,
    "L11H13": 0.007657432556152343,
    "L11H14": 0.01693439483642578,
    "L11H15": 0.022759056091308592,
    "L12H0": -0.023094940185546874,
    "L12H1": 0.028650665283203126,
    "L12H2": 0.005668830871582031,
    "L12H3": 0.006787872314453125,
    "L12H4": 0.012877464294433594,
    "L12H5": -0.04146499633789062,
    "L12H6": 0.003914451599121094,
    "L12H7": 0.01997852325439453,
    "L12H8": -0.035813331604003906,
    "L12H9": 0.025671958923339844,
    "L12H10": -0.011178970336914062,
    "L12H11": -0.03651695251464844,
    "L12H12": 0.05323219299316406,
    "L12H13": 0.05604572296142578,
    "L12H14": 0.0022491455078125,
    "L12H15": -0.0737009048461914,
    "L13H0": -0.014803314208984375,
    "L13H1": 0.03325233459472656,
    "L13H2": -0.028206634521484374,
    "L13H3": -0.0268402099609375,
    "L13H4": 0.039051055908203125,
    "L13H5": 0.031102752685546874,
    "L13H6": 0.028006935119628908,
    "L13H7": 0.025223922729492188,
    "L13H8": -0.017269325256347657,
    "L13H9": -0.021344375610351563,
    "L13H10": 0.034654426574707034,
    "L13H11": -0.08085479736328124,
    "L13H12": -0.037738037109375,
    "L13H13": -0.009624862670898437,
    "L13H14": -0.03415470123291016,
    "L13H15": 0.07047843933105469,
    "L14H0": -0.0030735015869140627,
    "L14H1": -0.000977325439453125,
    "L14H2": 0.030290794372558594,
    "L14H3": 0.011565399169921876,
    "L14H4": 0.008144760131835937,
    "L14H5": 0.07027111053466797,
    "L14H6": 0.006798362731933594,
    "L14H7": -0.00047664642333984376,
    "L14H8": -0.0030359268188476563,
    "L14H9": -0.030746269226074218,
    "L14H10": -0.006645011901855469,
    "L14H11": -0.0315887451171875,
    "L14H12": -0.006082916259765625,
    "L14H13": 0.040757942199707034,
    "L14H14": -0.06215229034423828,
    "L14H15": 0.02241802215576172,
    "L15H0": 0.05015983581542969,
    "L15H1": -0.12345352172851562,
    "L15H2": -0.03491897583007812,
    "L15H3": 0.10457305908203125,
    "L15H4": 0.0163177490234375,
    "L15H5": 0.05475273132324219,
    "L15H6": 0.0763357162475586,
    "L15H7": -0.05113525390625,
    "L15H8": -0.01236572265625,
    "L15H9": -0.017867279052734376,
    "L15H10": 0.05510025024414063,
    "L15H11": -0.0744354248046875,
    "L15H12": -0.04124431610107422,
    "L15H13": 0.0388214111328125,
    "L15H14": 0.004460334777832031,
    "L15H15": -0.018711090087890625
  },
  "clinical_top10": [
    {
      "layer": 11,
      "head": 2,
      "shift": -0.13354930877685547
    },
    {
      "layer": 15,
      "head": 11,
      "shift": -0.12012386322021484
    },
    {
      "layer": 15,
      "head": 0,
      "shift": -0.11449508666992188
    },
    {
      "layer": 11,
      "head": 12,
      "shift": -0.09353790283203126
    },
    {
      "layer": 15,
      "head": 5,
      "shift": -0.09325580596923828
    },
    {
      "layer": 14,
      "head": 8,
      "shift": -0.09065380096435546
    },
    {
      "layer": 11,
      "head": 10,
      "shift": -0.07990970611572265
    },
    {
      "layer": 12,
      "head": 4,
      "shift": -0.06791019439697266
    },
    {
      "layer": 13,
      "head": 15,
      "shift": -0.06275615692138672
    },
    {
      "layer": 11,
      "head": 3,
      "shift": -0.06174545288085938
    }
  ],
  "factual_top10": [
    {
      "layer": 15,
      "head": 1,
      "shift": -0.12345352172851562
    },
    {
      "layer": 11,
      "head": 8,
      "shift": -0.09290904998779297
    },
    {
      "layer": 13,
      "head": 11,