{
  "cosine_similarities": {
    "clinical_vs_factual": {
      "0": 0.1635522097349167,
      "1": 0.21424417197704315,
      "2": 0.2263496220111847,
      "3": 0.2291661947965622,
      "4": 0.21647608280181885,
      "5": 0.2261819988489151,
      "6": 0.20686911046504974,
      "7": 0.21788521111011505,
      "8": 0.23598483204841614,
      "9": 0.2409989833831787,
      "10": 0.2493019551038742,
      "11": 0.2649443447589874,
      "12": 0.3019062876701355,
      "13": 0.3261822760105133,
      "14": 0.33846867084503174,
      "15": 0.3345920443534851,
      "16": 0.3317657709121704,
      "17": 0.34232932329177856,
      "18": 0.3366601765155792,
      "19": 0.31513988971710205,
      "20": 0.31473350524902344,
      "21": 0.2936082184314728,
      "22": 0.2974226474761963,
      "23": 0.30110064148902893,
      "24": 0.29157739877700806,
      "25": 0.2819152772426605,
      "26": 0.27373629808425903,
      "27": 0.2608526349067688,
      "28": 0.2621959149837494,
      "29": 0.2616744637489319,
      "30": 0.2592538595199585,
      "31": 0.2552492916584015,
      "32": 0.25553983449935913,
      "33": 0.257546067237854,
      "34": 0.2609950006008148,
      "35": 0.2573658227920532,
      "36": 0.2544998228549957,
      "37": 0.26004329323768616,
      "38": 0.25783056020736694,
      "39": 0.2584387958049774,
      "40": 0.2671971619129181,
      "41": 0.2706359028816223,
      "42": 0.27749568223953247,
      "43": 0.2783048748970032,
      "44": 0.2773527204990387,
      "45": 0.2919573187828064,
      "46": 0.28999820351600647,
      "47": 0.29784831404685974,
      "48": 0.2929210662841797,
      "49": 0.29962146282196045,
      "50": 0.2965502142906189,
      "51": 0.2974134683609009,
      "52": 0.3065689206123352,
      "53": 0.30764040350914,
      "54": 0.309690922498703,
      "55": 0.32377132773399353,
      "56": 0.3292405903339386,
      "57": 0.3321516513824463,
      "58": 0.3250502943992615,
      "59": 0.3359237611293793,
      "60": 0.33003824949264526,
      "61": 0.3186434507369995,
      "62": 0.32905933260917664,
      "63": 0.36272716522216797
    }
  },
  "permutation_tests": {
    "16": {
      "observed_cos": 0.3317657709121704,
      "p_value": 0.0
    },
    "32": {
      "observed_cos": 0.25553983449935913,
      "p_value": 0.0
    },
    "48": {
      "observed_cos": 0.2929210662841797,
      "p_value": 0.0
    }
  },
  "metadata": {
    "model": "allenai/Olmo-3.1-32B-Instruct-DPO",
    "device": "cuda",
    "platform": "Linux-6.6.113+-x86_64-with-glibc2.35",
    "torch_version": "2.10.0+cu128",
    "num_layers": 64,
    "hidden_size": 5120,
    "num_params_M": 32234,
    "timestamp": "2026-03-26T14:01:24.731678+00:00",
    "runtime_s": 93.7
  }
}