{
  "cosine_similarities": {
    "clinical_vs_factual": {
      "0": 0.11899033188819885,
      "1": 0.14532986283302307,
      "2": 0.21005544066429138,
      "3": 0.23406872153282166,
      "4": 0.21732784807682037,
      "5": 0.2250557541847229,
      "6": 0.24978584051132202,
      "7": 0.2985408902168274,
      "8": 0.27712273597717285,
      "9": 0.2763494849205017,
      "10": 0.28942805528640747,
      "11": 0.2767183780670166,
      "12": 0.2644577920436859,
      "13": 0.26202356815338135,
      "14": 0.201529398560524,
      "15": 0.08898908644914627
    },
    "bridge_vs_factual": {
      "0": 0.10306061059236526,
      "1": 0.1502678245306015,
      "2": 0.21054494380950928,
      "3": 0.22246988117694855,
      "4": 0.22038380801677704,
      "5": 0.2171490490436554,
      "6": 0.27459701895713806,
      "7": 0.32804960012435913,
      "8": 0.32594728469848633,
      "9": 0.35012978315353394,
      "10": 0.368896484375,
      "11": 0.36047717928886414,
      "12": 0.34904637932777405,
      "13": 0.3500610888004303,
      "14": 0.33422616124153137,
      "15": 0.3644048869609833
    },
    "clinical_vs_bridge": {
      "0": 0.5766016244888306,
      "1": 0.5994316339492798,
      "2": 0.5764452219009399,
      "3": 0.5727242231369019,
      "4": 0.5265353918075562,
      "5": 0.4968695342540741,
      "6": 0.5055070519447327,
      "7": 0.4815426766872406,
      "8": 0.4610728621482849,
      "9": 0.4736105501651764,
      "10": 0.4810863435268402,
      "11": 0.46759673953056335,
      "12": 0.46962958574295044,
      "13": 0.4545471668243408,
      "14": 0.4272122383117676,
      "15": 0.4250692129135132
    }
  },
  "cross_domain_probing": {
    "factual_to_clinical": {
      "0": {
        "accuracy": 0.7,
        "auc": 0.8033333333333333
      },
      "1": {
        "accuracy": 0.75,
        "auc": 0.8722222222222223
      },
      "2": {
        "accuracy": 0.9166666666666666,
        "auc": 0.9644444444444444
      },
      "3": {
        "accuracy": 0.95,
        "auc": 0.9777777777777779
      },
      "4": {
        "accuracy": 0.95,
        "auc": 0.97
      },
      "5": {
        "accuracy": 0.9833333333333333,
        "auc": 0.9766666666666667
      },
      "6": {
        "accuracy": 0.95,
        "auc": 0.9877777777777776
      },
      "7": {
        "accuracy": 0.9833333333333333,
        "auc": 1.0
      },
      "8": {
        "accuracy": 0.85,
        "auc": 0.9922222222222221
      },
      "9": {
        "accuracy": 0.8833333333333333,
        "auc": 0.9922222222222222
      },
      "10": {
        "accuracy": 0.6333333333333333,
        "auc": 0.9866666666666668
      },
      "11": {
        "accuracy": 0.6166666666666667,
        "auc": 0.9833333333333334
      },
      "12": {
        "accuracy": 0.55,
        "auc": 0.9688888888888889
      },
      "13": {
        "accuracy": 0.55,
        "auc": 0.9788888888888889
      },
      "14": {
        "accuracy": 0.55,
        "auc": 0.8988888888888888
      },
      "15": {
        "accuracy": 0.5333333333333333,
        "auc": 0.7055555555555555
      }
    },
    "clinical_to_factual": {
      "0": {
        "accuracy": 0.5,
        "auc": 0.6077777777777779
      },
      "1": {
        "accuracy": 0.5,
        "auc": 0.6544444444444445
      },
      "2": {
        "accuracy": 0.5,
        "auc": 0.7288888888888888
      },
      "3": {
        "accuracy": 0.5,
        "auc": 0.7955555555555556
      },
      "4": {
        "accuracy": 0.5,
        "auc": 0.8188888888888889
      },
      "5": {
        "accuracy": 0.5,
        "auc": 0.8188888888888889
      },
      "6": {
        "accuracy": 0.5,
        "auc": 0.8522222222222222
      },
      "7": {
        "accuracy": 0.5,
        "auc": 0.9066666666666667
      },
      "8": {
        "accuracy": 0.5,
        "auc": 0.8866666666666667
      },
      "9": {
        "accuracy": 0.5,
        "auc": 0.8877777777777778
      },
      "10": {
        "accuracy": 0.5,
        "auc": 0.8755555555555555
      },
      "11": {
        "accuracy": 0.5166666666666667,
        "auc": 0.8355555555555555
      },
      "12": {
        "accuracy": 0.5166666666666667,
        "auc": 0.7966666666666666
      },
      "13": {
        "accuracy": 0.5333333333333333,
        "auc": 0.7833333333333333
      },
      "14": {
        "accuracy": 0.5333333333333333,
        "auc": 0.7422222222222222
      },
      "15": {
        "accuracy": 0.5666666666666667,
        "auc": 0.6266666666666666
      }
    },
    "factual_to_bridge": {
      "0": {
        "accuracy": 0.7166666666666667,
        "auc": 0.77
      },
      "1": {
        "accuracy": 0.7666666666666667,
        "auc": 0.8344444444444445
      },
      "2": {
        "accuracy": 0.8333333333333334,
        "auc": 0.9066666666666666
      },
      "3": {
        "accuracy": 0.8166666666666667,
        "auc": 0.9111111111111111
      },
      "4": {
        "accuracy": 0.8333333333333334,
        "auc": 0.9077777777777778
      },
      "5": {
        "accuracy": 0.85,
        "auc": 0.9233333333333333
      },
      "6": {
        "accuracy": 0.85,
        "auc": 0.9311111111111111
      },
      "7": {
        "accuracy": 0.8666666666666667,
        "auc": 0.9577777777777777
      },
      "8": {
        "accuracy": 0.85,
        "auc": 0.9577777777777777
      },
      "9": {
        "accuracy": 0.9,
        "auc": 0.98
      },
      "10": {
        "accuracy": 0.8,
        "auc": 0.9666666666666668
      },
      "11": {
        "accuracy": 0.8,
        "auc": 0.9322222222222222
      },
      "12": {
        "accuracy": 0.7333333333333333,
        "auc": 0.9166666666666666
      },
      "13": {
        "accuracy": 0.7,
        "auc": 0.92
      },
      "14": {
        "accuracy": 0.6833333333333333,
        "auc": 0.9244444444444444
      },
      "15": {
        "accuracy": 0.5833333333333334,
        "auc": 0.8577777777777778
      }
    },
    "bridge_to_factual": {
      "0": {
        "accuracy": 0.6166666666666667,
        "auc": 0.6377777777777778
      },
      "1": {
        "accuracy": 0.65,
        "auc": 0.7066666666666667
      },
      "2": {
        "accuracy": 0.65,
        "auc": 0.7611111111111111
      },
      "3": {
        "accuracy": 0.5833333333333334,
        "auc": 0.8155555555555556
      },
      "4": {
        "accuracy": 0.5833333333333334,
        "auc": 0.8244444444444444
      },
      "5": {
        "accuracy": 0.55,
        "auc": 0.8177777777777778
      },
      "6": {
        "accuracy": 0.5166666666666667,
        "auc": 0.8500000000000001
      },
      "7": {
        "accuracy": 0.5333333333333333,
        "auc": 0.89
      },
      "8": {
        "accuracy": 0.5333333333333333,
        "auc": 0.8722222222222223
      },
      "9": {
        "accuracy": 0.55,
        "auc": 0.9066666666666666
      },
      "10": {
        "accuracy": 0.5666666666666667,
        "auc": 0.9044444444444444
      },
      "11": {
        "accuracy": 0.6333333333333333,
        "auc": 0.888888888888889
      },
      "12": {
        "accuracy": 0.65,
        "auc": 0.8622222222222222
      },
      "13": {
        "accuracy": 0.6,
        "auc": 0.8566666666666667
      },
      "14": {
        "accuracy": 0.6666666666666666,
        "auc": 0.811111111111111
      },
      "15": {
        "accuracy": 0.7,
        "auc": 0.7566666666666667
      }
    }
  },
  "within_domain_probing": {
    "clinical": {
      "0": {
        "mean_accuracy": 1.0,
        "std_accuracy": 0.0
      },
      "1": {
        "mean_accuracy": 1.0,
        "std_accuracy": 0.0
      },
      "2": {
        "mean_accuracy": 1.0,
        "std_accuracy": 0.0
      },
      "3": {
        "mean_accuracy": 1.0,
        "std_accuracy": 0.0
      },
      "4": {
        "mean_accuracy": 1.0,
        "std_accuracy": 0.0
      },
      "5": {
        "mean_accuracy": 1.0,
        "std_accuracy": 0.0
      },
      "6": {
        "mean_accuracy": 1.0,