{
  "cos_orthogonal_vs_empathy": {
    "0": 0.40214648842811584,
    "1": 0.35949766635894775,
    "2": 0.2759249806404114,
    "3": 0.30137842893600464,
    "4": 0.287102073431015,
    "5": 0.2573791444301605,
    "6": 0.2524019181728363,
    "7": 0.24348704516887665,
    "8": 0.24377885460853577,
    "9": 0.23882775008678436,
    "10": 0.23514613509178162,
    "11": 0.22602660953998566,
    "12": 0.2168082892894745,
    "13": 0.20837685465812683,
    "14": 0.20416389405727386,
    "15": 0.2142762839794159,
    "16": 0.20501160621643066,
    "17": 0.2116178572177887,
    "18": 0.23149989545345306,
    "19": 0.25822359323501587,
    "20": 0.26597368717193604,
    "21": 0.25939929485321045,
    "22": 0.25712794065475464,
    "23": 0.25586482882499695,
    "24": 0.26194775104522705,
    "25": 0.2579882740974426,
    "26": 0.26183274388313293,
    "27": 0.2638883888721466,
    "28": 0.27116262912750244,
    "29": 0.272622287273407,
    "30": 0.2791958153247833,
    "31": 0.2790231704711914,
    "32": 0.27742522954940796,
    "33": 0.28376030921936035,
    "34": 0.2815668284893036,
    "35": 0.2899557948112488,
    "36": 0.28925448656082153,
    "37": 0.29389843344688416,
    "38": 0.2969062328338623,
    "39": 0.29969465732574463,
    "40": 0.3145277500152588,
    "41": 0.31549307703971863,
    "42": 0.3185710608959198,
    "43": 0.32283371686935425,
    "44": 0.3254566192626953,
    "45": 0.33283039927482605,
    "46": 0.3274634778499603,
    "47": 0.3290139138698578,
    "48": 0.33117860555648804,
    "49": 0.3241848945617676,
    "50": 0.32537007331848145,
    "51": 0.3227892816066742,
    "52": 0.32447266578674316,
    "53": 0.32351142168045044,
    "54": 0.3224603831768036,
    "55": 0.32219114899635315,
    "56": 0.3191717267036438,
    "57": 0.31718721985816956,
    "58": 0.3113976716995239,
    "59": 0.31121283769607544,
    "60": 0.3058744966983795,
    "61": 0.30955392122268677,
    "62": 0.3336610496044159,
    "63": 0.3503350019454956
  },
  "cos_clinical_vs_empathy": {
    "0": 0.38599637150764465,
    "1": 0.3535011410713196,
    "2": 0.284549742937088,
    "3": 0.3175925612449646,
    "4": 0.3019409775733948,
    "5": 0.27236053347587585,
    "6": 0.26822710037231445,
    "7": 0.2610464096069336,
    "8": 0.26557543873786926,
    "9": 0.2624477744102478,
    "10": 0.25703421235084534,
    "11": 0.2499764859676361,
    "12": 0.24296626448631287,
    "13": 0.23308098316192627,
    "14": 0.23354235291481018,
    "15": 0.24423067271709442,
    "16": 0.23844406008720398,
    "17": 0.2476409673690796,
    "18": 0.26494938135147095,
    "19": 0.28557273745536804,
    "20": 0.2946929931640625,
    "21": 0.2835584878921509,
    "22": 0.28172779083251953,
    "23": 0.2836146950721741,
    "24": 0.2876652181148529,
    "25": 0.28028565645217896,
    "26": 0.2804032564163208,
    "27": 0.2788246273994446,
    "28": 0.2830856442451477,
    "29": 0.2866038680076599,
    "30": 0.29207998514175415,
    "31": 0.29123756289482117,
    "32": 0.29053616523742676,
    "33": 0.29666000604629517,
    "34": 0.2953590154647827,
    "35": 0.30567413568496704,
    "36": 0.30471962690353394,
    "37": 0.30966717004776,
    "38": 0.3136429786682129,
    "39": 0.31622159481048584,
    "40": 0.3299747705459595,
    "41": 0.33232226967811584,
    "42": 0.3382069170475006,
    "43": 0.3431045114994049,
    "44": 0.3461586833000183,
    "45": 0.3552023768424988,
    "46": 0.3495785593986511,
    "47": 0.3523235321044922,
    "48": 0.35404065251350403,
    "49": 0.34887829422950745,
    "50": 0.348940908908844,
    "51": 0.34668993949890137,
    "52": 0.35183483362197876,
    "53": 0.35187089443206787,
    "54": 0.35062602162361145,
    "55": 0.34674379229545593,
    "56": 0.3444644808769226,
    "57": 0.343264102935791,
    "58": 0.33690181374549866,
    "59": 0.33944517374038696,
    "60": 0.32807567715644836,
    "61": 0.332455575466156,
    "62": 0.35600170493125916,
    "63": 0.3901526927947998
  },
  "mean_cos_ortho_empathy": 0.28612979012541473,
  "mean_cos_clinical_empathy": 0.3069405441638082,
  "emotion_level_projections": {
    "1": 2.568519878387451,
    "2": 5.942632007598877,
    "3": 7.638176441192627
  },
  "distortion_projections": {
    "all_or_nothing": 5.253205383817355,
    "catastrophizing": 5.44382710258166,
    "discounting_positive": 4.457265138626099,
    "emotional_reasoning": 2.539944807688395,
    "fortune_telling": 4.531439110636711,
    "labeling": 4.304062679409981,
    "magnification_minimization": 3.1809507608413696,
    "mental_filter": 2.987922430038452,
    "mind_reading": 4.990612030029297,
    "overgeneralization": 5.516909956932068,
    "personalization": 5.451682806015015,
    "should_statements": 4.532543644309044
  },
  "distortion_spread": {
    "range": 2.976965149243673,
    "std": 0.9787049076259944
  },
  "analysis_layer": 32,
  "metadata": {
    "model": "allenai/Olmo-3.1-32B-Instruct-DPO",
    "device": "cuda",
    "platform": "Linux-6.6.113+-x86_64-with-glibc2.35",
    "torch_version": "2.10.0+cu128",
    "num_layers": 64,
    "hidden_size": 5120,
    "num_params_M": 32234,
    "timestamp": "2026-03-26T14:40:37.730401+00:00",
    "runtime_s": 53.3
  }
}