{
  "cos_orthogonal_vs_empathy": {
    "0": 0.533838152885437,
    "1": 0.466879665851593,
    "2": 0.43446242809295654,
    "3": 0.38325172662734985,
    "4": 0.36527761816978455,
    "5": 0.3711780607700348,
    "6": 0.36406582593917847,
    "7": 0.3075149953365326,
    "8": 0.2797093093395233,
    "9": 0.27533748745918274,
    "10": 0.21497823297977448,
    "11": 0.24444270133972168,
    "12": 0.2626897692680359,
    "13": 0.27630379796028137,
    "14": 0.25552257895469666,
    "15": 0.3140053451061249
  },
  "cos_clinical_vs_empathy": {
    "0": 0.5217020511627197,
    "1": 0.45701488852500916,
    "2": 0.42354848980903625,
    "3": 0.38250356912612915,
    "4": 0.3668537735939026,
    "5": 0.37543752789497375,
    "6": 0.37409335374832153,
    "7": 0.3316595256328583,
    "8": 0.31344133615493774,
    "9": 0.3092847764492035,
    "10": 0.27765339612960815,
    "11": 0.29288554191589355,
    "12": 0.3056027889251709,
    "13": 0.3157182037830353,
    "14": 0.28794965147972107,
    "15": 0.3266212046146393
  },
  "mean_cos_ortho_empathy": 0.334341106005013,
  "mean_cos_clinical_empathy": 0.3538731299340725,
  "emotion_level_projections": {
    "1": 0.6361655771732331,
    "2": 0.9210387229919433,
    "3": 1.1293156564235687
  },
  "distortion_projections": {
    "all_or_nothing": 1.009354790051778,
    "catastrophizing": 0.8892432749271393,
    "discounting_positive": 0.896587610244751,
    "emotional_reasoning": 0.7689817845821381,
    "fortune_telling": 0.8780761882662773,
    "labeling": 0.9064217805862427,
    "magnification_minimization": 0.7974533587694168,
    "mental_filter": 0.7749455869197845,
    "mind_reading": 0.9929081300894419,
    "overgeneralization": 0.8745891700188319,
    "personalization": 0.9592115432024002,
    "should_statements": 0.8549163043498993
  },
  "distortion_spread": {
    "range": 0.24037300546964002,
    "std": 0.07499988835945898
  },
  "analysis_layer": 8,
  "metadata": {
    "model": "allenai/OLMo-2-0425-1B",
    "device": "mps",
    "num_layers": 16,
    "hidden_size": 2048,
    "num_params_M": 1485,
    "platform": "macOS-26.3-arm64-arm-64bit-Mach-O",
    "torch_version": "2.10.0",
    "timestamp": "2026-03-23T08:23:10.071004+00:00",
    "runtime_s": 179.6
  }
}