{
  "target_layer": 10,
  "distortion_types": [
    "all_or_nothing",
    "catastrophizing",
    "discounting_positive",
    "emotional_reasoning",
    "fortune_telling",
    "labeling",
    "magnification_minimization",
    "mental_filter",
    "mind_reading",
    "overgeneralization",
    "personalization",
    "should_statements"
  ],
  "pairwise_matrix": [
    [
      1.000000238418579,
      0.5733438730239868,
      0.40066689252853394,
      0.472124308347702,
      0.43819332122802734,
      0.5131883025169373,
      0.5325784683227539,
      0.3945627808570862,
      0.45130765438079834,
      0.6233011484146118,
      0.4478500187397003,
      0.4891243577003479
    ],
    [
      0.5733438730239868,
      0.9999998807907104,
      0.4329212009906769,
      0.4634104371070862,
      0.5411039590835571,
      0.47437769174575806,
      0.5433250665664673,
      0.45255184173583984,
      0.4477968215942383,
      0.5845935344696045,
      0.47830578684806824,
      0.4225234389305115
    ],
    [
      0.40066689252853394,
      0.4329212009906769,
      1.000000238418579,
      0.3888702988624573,
      0.40738609433174133,
      0.43839725852012634,
      0.4669557809829712,
      0.4378693699836731,
      0.4460335671901703,
      0.46256840229034424,
      0.324724406003952,
      0.43561577796936035
    ],
    [
      0.472124308347702,
      0.4634104371070862,
      0.3888702988624573,
      1.000000238418579,
      0.41830670833587646,
      0.438072144985199,
      0.47006499767303467,
      0.3737128973007202,
      0.45583897829055786,
      0.5159608721733093,
      0.3781488835811615,
      0.4508388042449951
    ],
    [
      0.43819332122802734,
      0.5411039590835571,
      0.40738609433174133,
      0.41830670833587646,
      0.9999999403953552,
      0.5024284720420837,
      0.45707446336746216,
      0.34956952929496765,
      0.5272089242935181,
      0.5619655847549438,
      0.44606679677963257,
      0.46617159247398376
    ],
    [
      0.5131883025169373,
      0.47437769174575806,
      0.43839725852012634,
      0.438072144985199,
      0.5024284720420837,
      1.0000001192092896,
      0.5459347367286682,
      0.5032479166984558,
      0.5243520736694336,
      0.6136212348937988,
      0.3645866811275482,
      0.5032599568367004
    ],
    [
      0.5325784683227539,
      0.5433250665664673,
      0.4669557809829712,
      0.47006499767303467,
      0.45707446336746216,
      0.5459347367286682,
      0.9999997019767761,
      0.5815505981445312,
      0.46857398748397827,
      0.5421144366264343,
      0.38940396904945374,
      0.3717789351940155
    ],
    [
      0.3945627808570862,
      0.45255184173583984,
      0.4378693699836731,
      0.3737128973007202,
      0.34956952929496765,
      0.5032479166984558,
      0.5815505981445312,
      1.000000238418579,
      0.41255027055740356,
      0.46815186738967896,
      0.3146522045135498,
      0.3091171681880951
    ],
    [
      0.45130765438079834,
      0.4477968215942383,
      0.4460335671901703,
      0.45583897829055786,
      0.5272089242935181,
      0.5243520736694336,
      0.46857398748397827,
      0.41255027055740356,
      0.9999996423721313,
      0.5440701246261597,
      0.42062562704086304,
      0.45251086354255676
    ],
    [
      0.6233011484146118,
      0.5845935344696045,
      0.46256840229034424,
      0.5159608721733093,
      0.5619655847549438,
      0.6136212348937988,
      0.5421144366264343,
      0.46815186738967896,
      0.5440701246261597,
      1.0,
      0.4457645118236542,
      0.5302211046218872
    ],
    [
      0.4478500187397003,
      0.47830578684806824,
      0.324724406003952,
      0.3781488835811615,
      0.44606679677963257,
      0.3645866811275482,
      0.38940396904945374,
      0.3146522045135498,
      0.42062562704086304,
      0.4457645118236542,
      1.0000001192092896,
      0.3939219117164612
    ],
    [
      0.4891243577003479,
      0.4225234389305115,
      0.43561577796936035,
      0.4508388042449951,
      0.46617159247398376,
      0.5032599568367004,
      0.3717789351940155,
      0.3091171681880951,
      0.45251086354255676,
      0.5302211046218872,
      0.3939219117164612,
      0.9999999403953552
    ]
  ],
  "factual_similarity": {
    "all_or_nothing": {
      "0": 0.10967868566513062,
      "1": 0.13321545720100403,
      "2": 0.16956399381160736,
      "3": 0.18334096670150757,
      "4": 0.133796826004982,
      "5": 0.1518407016992569,
      "6": 0.1742759346961975,
      "7": 0.20166628062725067,
      "8": 0.19076426327228546,
      "9": 0.19143038988113403,
      "10": 0.19583548605442047,
      "11": 0.1891370415687561,
      "12": 0.16122953593730927,
      "13": 0.14924195408821106,
      "14": 0.08459511399269104,
      "15": 0.0034969784319400787
    },
    "catastrophizing": {
      "0": 0.11710196733474731,
      "1": 0.1484704315662384,
      "2": 0.1888454556465149,
      "3": 0.22420340776443481,
      "4": 0.21749287843704224,
      "5": 0.2162144035100937,
      "6": 0.24932870268821716,
      "7": 0.30199629068374634,
      "8": 0.28882405161857605,
      "9": 0.28992578387260437,
      "10": 0.3119560182094574,
      "11": 0.300678014755249,
      "12": 0.3007676303386688,
      "13": 0.2913801074028015,
      "14": 0.2651415765285492,
      "15": 0.16065706312656403
    },
    "discounting_positive": {
      "0": 0.03585830330848694,
      "1": 0.05354722589254379,
      "2": 0.10696467757225037,
      "3": 0.13315220177173615,
      "4": 0.10763309895992279,
      "5": 0.10288455337285995,
      "6": 0.14012232422828674,
      "7": 0.17981594800949097,
      "8": 0.15553149580955505,
      "9": 0.1783306896686554,
      "10": 0.17946378886699677,
      "11": 0.1810033619403839,
      "12": 0.1857433021068573,
      "13": 0.2031228244304657,
      "14": 0.14132149517536163,
      "15": 0.05972324311733246
    },
    "emotional_reasoning": {
      "0": 0.14072871208190918,
      "1": 0.16868045926094055,
      "2": 0.22100195288658142,
      "3": 0.21188019216060638,
      "4": 0.21464106440544128,
      "5": 0.2134324610233307,
      "6": 0.23718124628067017,
      "7": 0.3045564889907837,
      "8": 0.2849982678890228,
      "9": 0.28373613953590393,
      "10": 0.30692338943481445,
      "11": 0.30248329043388367,
      "12": 0.29895347356796265,
      "13": 0.29489004611968994,
      "14": 0.29809296131134033,
      "15": 0.3721591830253601
    },
    "fortune_telling": {
      "0": 0.05540549010038376,
      "1": 0.10025161504745483,
      "2": 0.13668473064899445,
      "3": 0.16061291098594666,
      "4": 0.13275755941867828,
      "5": 0.15140293538570404,
      "6": 0.13743314146995544,
      "7": 0.18296681344509125,
      "8": 0.1682417094707489,
      "9": 0.15459392964839935,
      "10": 0.14584656059741974,
      "11": 0.12710924446582794,
      "12": 0.12521202862262726,
      "13": 0.12576909363269806,
      "14": 0.0619068518280983,
      "15": -0.14751845598220825
    },
    "labeling": {
      "0": 0.01787247508764267,
      "1": 0.0628989115357399,
      "2": 0.09241781383752823,
      "3": 0.11046995967626572,
      "4": 0.0783713161945343,
      "5": 0.10927927494049072,
      "6": 0.16905131936073303,
      "7": 0.20794032514095306,
      "8": 0.1854226440191269,
      "9": 0.1932142674922943,
      "10": 0.2017727792263031,
      "11": 0.1835983395576477,
      "12": 0.15255023539066315,
      "13": 0.14601227641105652,
      "14": 0.09091319143772125,
      "15": -0.025772053748369217
    },
    "magnification_minimization": {
      "0": 0.062325410544872284,
      "1": 0.07785508781671524,
      "2": 0.11190309375524521,
      "3": 0.12152685970067978,
      "4": 0.11454224586486816,
      "5": 0.13392455875873566,
      "6": 0.14600227773189545,
      "7": 0.18896640837192535,
      "8": 0.18626736104488373,
      "9": 0.2137366235256195,
      "10": 0.23869851231575012,
      "11": 0.2391863763332367,