{
  "cosine_by_level_and_layer": {
    "1": {
      "0": 0.378159761428833,
      "1": 0.46683090925216675,
      "2": 0.49558016657829285,
      "3": 0.5401440262794495,
      "4": 0.5444592237472534,
      "5": 0.5750375986099243,
      "6": 0.6034219264984131,
      "7": 0.6372050642967224,
      "8": 0.6270785927772522,
      "9": 0.6378474831581116,
      "10": 0.6748080253601074,
      "11": 0.6638563871383667,
      "12": 0.6463547348976135,
      "13": 0.6338828802108765,
      "14": 0.6273202896118164,
      "15": 0.7433412075042725
    },
    "2": {
      "0": 0.2717837691307068,
      "1": 0.36780890822410583,
      "2": 0.3863430619239807,
      "3": 0.41143354773521423,
      "4": 0.4042879641056061,
      "5": 0.3882964849472046,
      "6": 0.4366800785064697,
      "7": 0.4777775704860687,
      "8": 0.4579218029975891,
      "9": 0.4744162857532501,
      "10": 0.5016443133354187,
      "11": 0.4888153672218323,
      "12": 0.4766707420349121,
      "13": 0.46575623750686646,
      "14": 0.4556843638420105,
      "15": 0.5300599336624146
    },
    "3": {
      "0": 0.14292941987514496,
      "1": 0.2365874946117401,
      "2": 0.28352248668670654,
      "3": 0.31670528650283813,
      "4": 0.3330743908882141,
      "5": 0.3076280355453491,
      "6": 0.3500485122203827,
      "7": 0.40324103832244873,
      "8": 0.40320298075675964,
      "9": 0.41597309708595276,
      "10": 0.4570629596710205,
      "11": 0.43502405285835266,
      "12": 0.41426700353622437,
      "13": 0.3918994665145874,
      "14": 0.39135175943374634,
      "15": 0.3927299976348877
    }
  },
  "mean_cosine_by_level": {
    "1": 0.593458017334342,
    "2": 0.43721127696335316,
    "3": 0.35470299888402224
  },
  "trend_monotonic_decrease": true,
  "trend_diffs": [
    -0.15624674037098885,
    -0.08250827807933092
  ],
  "bootstrap_ci": {
    "1": {
      "mean": 0.593458017334342,
      "ci_lo": 0.548974173841998,
      "ci_hi": 0.6346561099402607
    },
    "2": {
      "mean": 0.43721127696335316,
      "ci_lo": 0.4054085668642074,
      "ci_hi": 0.46570888427086177
    },
    "3": {
      "mean": 0.35470299888402224,
      "ci_lo": 0.31331272874958815,
      "ci_hi": 0.39095325623638927
    }
  },
  "metadata": {
    "model": "allenai/OLMo-2-0425-1B",
    "device": "mps",
    "num_layers": 16,
    "hidden_size": 2048,
    "num_params_M": 1485,
    "platform": "macOS-26.3-arm64-arm-64bit-Mach-O",
    "torch_version": "2.10.0",
    "timestamp": "2026-03-23T08:35:45.926910+00:00",
    "runtime_s": 46.5
  }
}