{
  "logit_lens": {
    "factual": {
      "mean": {
        "0": 0.8134198824564616,
        "1": 1.106601079305013,
        "2": 1.2522306442260742,
        "3": 0.6246877670288086,
        "4": 0.3406634012858073,
        "5": -0.09846808115641276,
        "6": -0.39636481602986656,
        "7": -0.7905221621195475,
        "8": -0.6807674725850423,
        "9": -0.8433287302652995,
        "10": -1.6720936139424643,
        "11": -1.7865087827046713,
        "12": -1.42400172551473,
        "13": -0.9073096593221028,
        "14": 0.6659019788106283,
        "15": 1.5285239219665527
      },
      "std": {
        "0": 1.6554192874589604,
        "1": 2.411274733259371,
        "2": 2.442662334721899,
        "3": 2.1331886933080426,
        "4": 2.5324921933768825,
        "5": 2.7026698478818503,
        "6": 3.1705955820722895,
        "7": 2.696187226646525,
        "8": 2.5307474665976697,
        "9": 2.758607871601035,
        "10": 3.4583364506594525,
        "11": 3.748058995795282,
        "12": 3.991932558026998,
        "13": 4.19035410861539,
        "14": 3.8379599249607765,
        "15": 2.264785430164902
      }
    },
    "clinical_bridge": {
      "mean": {
        "0": 2.06775328318278,
        "1": 1.4946223894755046,
        "2": 1.1823562939961751,
        "3": 1.303085486094157,
        "4": 0.826853879292806,
        "5": 0.6972540855407715,
        "6": 0.6434082667032878,
        "7": 0.38172343571980794,
        "8": 0.4876659393310547,
        "9": 0.7858611742655436,
        "10": 1.135016663869222,
        "11": 1.8384246190388998,
        "12": 1.945199712117513,
        "13": 1.0820560773213705,
        "14": 1.269836457570394,
        "15": 0.5483443578084309
      },
      "std": {
        "0": 3.0865987033484448,
        "1": 2.7148088139343853,
        "2": 2.8536459602712716,
        "3": 2.778999956747277,
        "4": 2.563592686036801,
        "5": 2.54397157636456,
        "6": 2.715948849256883,
        "7": 2.3131226406825465,
        "8": 2.1478384689472048,
        "9": 2.0806174443405006,
        "10": 3.0103761493015284,
        "11": 3.124759423049826,
        "12": 3.025036029802018,
        "13": 2.531624689060423,
        "14": 2.4611320320953607,
        "15": 1.462202283694928
      }
    },
    "clinical_clear": {
      "mean": {
        "0": 1.0892593701680502,
        "1": 0.5053190549214681,
        "2": -0.3421913782755534,
        "3": 0.42310479482014973,
        "4": 0.504050095876058,
        "5": 1.4336450894673665,
        "6": 1.587853972117106,
        "7": 2.187086264292399,
        "8": 2.515248680114746,
        "9": 3.463266118367513,
        "10": 4.282893212636312,
        "11": 5.308162911732992,
        "12": 5.074396546681722,
        "13": 3.048737970987956,
        "14": 3.393510913848877,
        "15": 2.0221830368041993
      },
      "std": {
        "0": 1.7660407525728588,
        "1": 1.5802533572863515,
        "2": 2.0320372340550756,
        "3": 1.823624191176581,
        "4": 2.262283458597319,
        "5": 2.442917914087956,
        "6": 2.3947067531429522,
        "7": 2.261409245597739,
        "8": 2.3158970228878513,
        "9": 2.3995662027966476,
        "10": 2.6532311080347237,
        "11": 2.6679291681537265,
        "12": 2.9801122180470667,
        "13": 3.1403160655099787,
        "14": 2.850428045531158,
        "15": 2.0862687593966105
      }
    }
  },
  "direction_projection": {
    "factual": {
      "0": {
        "mean": -0.16343790044387183,
        "std": 0.057194435420146614
      },
      "1": {
        "mean": -0.2041077862183253,
        "std": 0.059064620892499295
      },
      "2": {
        "mean": -0.18707140137751896,
        "std": 0.06335505804967473
      },
      "3": {
        "mean": -0.004729553560415904,
        "std": 0.10794577236439355
      },
      "4": {
        "mean": 0.1485573172569275,
        "std": 0.13733487464120922
      },
      "5": {
        "mean": 0.5638605381051699,
        "std": 0.21160130968805216
      },
      "6": {
        "mean": 0.9938112517197927,
        "std": 0.2567007126967825
      },
      "7": {
        "mean": 1.3216597219308217,
        "std": 0.30906224931222215
      },
      "8": {
        "mean": 1.4705980857213339,
        "std": 0.3647641847081256
      },
      "9": {
        "mean": 1.4561965843041738,
        "std": 0.4203084461563522
      },
      "10": {
        "mean": 1.6322218239307404,
        "std": 0.5214048759386526
      },
      "11": {
        "mean": 2.0120715339978537,
        "std": 0.7426869121695439
      },
      "12": {
        "mean": 2.3474682728449503,
        "std": 0.9084380606030297
      },
      "13": {
        "mean": 2.6958087205886843,
        "std": 0.9588757397460509
      },
      "14": {
        "mean": 4.927410745620728,
        "std": 1.1584263014750857
      },
      "15": {
        "mean": 15.201966412862141,
        "std": 2.6316719345183714
      }
    },
    "clinical_bridge": {
      "0": {
        "mean": -0.1989355022708575,
        "std": 0.011169024164309775
      },
      "1": {
        "mean": -0.26155497481425605,
        "std": 0.02249100162367169
      },
      "2": {
        "mean": -0.270580410460631,
        "std": 0.05944484554445811
      },
      "3": {
        "mean": -0.1179484431942304,
        "std": 0.09301660229160104
      },
      "4": {
        "mean": -0.0074006587266921995,
        "std": 0.14081309239725162
      },
      "5": {
        "mean": 0.3895136684179306,
        "std": 0.24758356313763175
      },
      "6": {
        "mean": 0.7943035225073497,
        "std": 0.32469824877904385
      },
      "7": {
        "mean": 1.128632069627444,
        "std": 0.3308998025265579
      },
      "8": {
        "mean": 1.2247129162152608,
        "std": 0.3892934699863427
      },
      "9": {
        "mean": 1.1503854403893152,
        "std": 0.41004287971390685
      },
      "10": {
        "mean": 1.4600643853346507,
        "std": 0.45922903584993074
      },
      "11": {
        "mean": 1.9068768580754598,
        "std": 0.6099385533739083
      },
      "12": {
        "mean": 2.876151919364929,
        "std": 0.5925275059146784
      },
      "13": {
        "mean": 3.303519916534424,
        "std": 0.5927346546804646
      },
      "14": {
        "mean": 5.779514153798421,
        "std": 0.8170369688698106
      },
      "15": {
        "mean": 15.402697404225668,
        "std": 2.3385657138412665
      }
    },
    "clinical_clear": {
      "0": {
        "mean": -0.24357072860002518,
        "std": 0.06449281296979448
      },
      "1": {
        "mean": -0.2924050986766815,
        "std": 0.050038450764558894
      },
      "2": {
        "mean": -0.2722529391447703,
        "std": 0.08106626427818532
      },
      "3": {
        "mean": -0.10389515608549119,
        "std": 0.11882348338072611
      },
      "4": {
        "mean": -0.07445006867249807,
        "std": 0.15439681130783456
      },
      "5": {
        "mean": 0.18249653528134027,
        "std": 0.23343933261075123
      },
      "6": {
        "mean": 0.6150823354721069,
        "std": 0.26724042894446853
      },
      "7": {
        "mean": 0.9414957364400228,
        "std": 0.268140197008352
      },
      "8": {
        "mean": 1.0780396779378256,
        "std": 0.33132569365084075
      },
      "9": {
        "mean": 0.9648236910502116,
        "std": 0.3215622524749721
      },
      "10": {
        "mean": 1.2087188243865967,
        "std": 0.36676127890555327
      },
      "11": {
        "mean": 1.3663138091564178,
        "std": 0.5432761144967975
      },
      "12": {
        "mean": 2.224870276451111,
        "std": 0.6378305579031192
      },
      "13": {
        "mean": 2.59457213083903,
        "std": 0.715698849235353
      },
      "14": {
        "mean": 4.546721680959066,
        "std": 1.0968536621458627
      },
      "15": {
        "mean": 13.888155539830526,